Job Title,Job URL,Post Date
,https://www.drogas.lv/lv/blog/karjera/pardevejs-konsultants-pardaugava-mukusalas-iela-73/,2021-12-07T15:27:56+00:00
"Pārdevējs-konsultants Rīgā, Zolitūdē, Ulmaņa gatvē 88A un Zolitūdes ie...",https://www.drogas.lv/lv/blog/karjera/vakances/pardevejs-konsultants-riga-t-c-spice-lielirbes-iela-29/,2021-07-15T12:41:56+00:00
"Pārdevējs-konsultants T/C “Spice”, Rīgā, Lielirbes ielā 29...",https://www.drogas.lv/lv/blog/karjera/vakances/pardevejs-konsultants-riga-centra-kr-valdemara-iela-14/,2021-06-09T07:32:28+00:00
"Pārdevējs-konsultants Ķekavā, T/C “Liiba”, Rīgas ielā 22A...",https://www.drogas.lv/lv/blog/karjera/vakances/pardevejs-konsultants-riga-centra-kalku-iela-5/,2021-06-09T06:56:32+00:00
"Pārdevējs-konsultants Bauskā, Pionieru ielā 2",https://www.drogas.lv/lv/blog/karjera/vakances/pardevejs-konsultants-riga-imanta-kurzemes-prospekta-141/,2021-05-19T09:51:59+00:00
"Pārdevējs-konsultants Rīgā, T/C “Mols”, Krasta ielā 46...",https://www.drogas.lv/lv/blog/karjera/vakances/pardevejs-konsultants-riga-pardaugava-k-ulmana-gatve-88a/,2021-05-19T09:48:54+00:00
"Pārdevējs-konsultants Rīgā, T/C “Ozols”, Mazajā Rencēnu ie...",https://www.drogas.lv/lv/blog/karjera/vakances/pardevejs-konsultants-riga-kengaraga-maskavas-iela-250/,2021-05-19T09:42:33+00:00
"Pārdevējs-konsultants Ādažos, Rīgas gatvē 5",https://www.drogas.lv/lv/blog/karjera/vakances/pardevejs-konsultants-adazos-rigas-gatve-t-c-apelsins/,2021-05-19T09:34:43+00:00
,https://www.drogas.lv/%7B%7Bpost.link%7D%7D,
